-- MySQL dump 10.13  Distrib 8.0.28, for Win64 (x86_64)
--
-- Host: localhost    Database: ifamily_genealogy
-- ------------------------------------------------------
-- Server version	8.0.28

/*!40101 SET @OLD_CHARACTER_SET_CLIENT=@@CHARACTER_SET_CLIENT */;
/*!40101 SET @OLD_CHARACTER_SET_RESULTS=@@CHARACTER_SET_RESULTS */;
/*!40101 SET @OLD_COLLATION_CONNECTION=@@COLLATION_CONNECTION */;
/*!50503 SET NAMES utf8 */;
/*!40103 SET @OLD_TIME_ZONE=@@TIME_ZONE */;
/*!40103 SET TIME_ZONE='+00:00' */;
/*!40014 SET @OLD_UNIQUE_CHECKS=@@UNIQUE_CHECKS, UNIQUE_CHECKS=0 */;
/*!40014 SET @OLD_FOREIGN_KEY_CHECKS=@@FOREIGN_KEY_CHECKS, FOREIGN_KEY_CHECKS=0 */;
/*!40101 SET @OLD_SQL_MODE=@@SQL_MODE, SQL_MODE='NO_AUTO_VALUE_ON_ZERO' */;
/*!40111 SET @OLD_SQL_NOTES=@@SQL_NOTES, SQL_NOTES=0 */;

--
-- Current Database: `ifamily_genealogy`
--

CREATE DATABASE /*!32312 IF NOT EXISTS*/ `ifamily_genealogy` /*!40100 DEFAULT CHARACTER SET utf8 */ /*!80016 DEFAULT ENCRYPTION='N' */;

USE `ifamily_genealogy`;

--
-- Table structure for table `genealogy`
--

DROP TABLE IF EXISTS `genealogy`;
/*!40101 SET @saved_cs_client     = @@character_set_client */;
/*!50503 SET character_set_client = utf8mb4 */;
CREATE TABLE `genealogy` (
  `id` bigint unsigned NOT NULL AUTO_INCREMENT COMMENT 'ID',
  `cover` varchar(256) NOT NULL COMMENT '家族封面图片地址',
  `title` varchar(32) NOT NULL COMMENT '家族名称',
  `surname` varchar(32) NOT NULL COMMENT '家族姓氏',
  `address` varchar(256) NOT NULL COMMENT '家族地址',
  `ancestry_address` varchar(256) DEFAULT NULL COMMENT '家族祖籍地址',
  `introduction` varchar(1024) DEFAULT NULL COMMENT '家族简介',
  `generation_song` varchar(1024) DEFAULT NULL COMMENT '家族字辈歌',
  `created` datetime NOT NULL COMMENT '创建时间',
  `modified` datetime NOT NULL ON UPDATE CURRENT_TIMESTAMP COMMENT '修改时间',
  `is_deleted` tinyint unsigned NOT NULL COMMENT '是否删除：[0]否 [1]是',
  `creator_user_id` bigint unsigned NOT NULL COMMENT '创建者用户 ID',
  PRIMARY KEY (`id`) USING BTREE
) ENGINE=InnoDB AUTO_INCREMENT=1663345120033869826 DEFAULT CHARSET=utf8mb3 ROW_FORMAT=DYNAMIC;
/*!40101 SET character_set_client = @saved_cs_client */;

--
-- Dumping data for table `genealogy`
--

LOCK TABLES `genealogy` WRITE;
/*!40000 ALTER TABLE `genealogy` DISABLE KEYS */;
INSERT INTO `genealogy` VALUES (1663345120033869825,'http://rveziz3xc.hn-bkt.clouddn.com/img/cover/2023/05/30/50e607d4-34cd-49db-b8e1-9d9cb3f9ef97.jpeg','红楼梦','贾','陕西省/西安市/未央区','陕西省/西安市/未央区','《红楼梦》，中国古典长篇章回小说，是中国大陆定义的四大小说名著之一。《红楼梦》书内提及的别名，还有《情僧录》、《风月宝鉴》[1]、《金陵十二钗》。故事是从女娲补天时所剩下的一块石头（也就是书中的贾宝玉）讲起，因此又名《石头记》。乾隆四十九年甲辰（1784年）梦觉主人序本题为《红楼梦》（甲辰梦序抄本）。1791年在第一次活字印刷（程甲本）后，《红楼梦》便取代《石头记》成为通行的书名。','满纸荒唐言，一把辛酸泪，都云作者痴，谁解其中味？','2023-05-30 08:42:35','2023-05-30 08:42:35',0,1663340942339338242);
/*!40000 ALTER TABLE `genealogy` ENABLE KEYS */;
UNLOCK TABLES;

--
-- Table structure for table `genealogy_memorabilia`
--

DROP TABLE IF EXISTS `genealogy_memorabilia`;
/*!40101 SET @saved_cs_client     = @@character_set_client */;
/*!50503 SET character_set_client = utf8mb4 */;
CREATE TABLE `genealogy_memorabilia` (
  `id` bigint unsigned NOT NULL AUTO_INCREMENT COMMENT 'ID',
  `title` varchar(128) NOT NULL COMMENT '大事标题',
  `occurred_year` date NOT NULL COMMENT '发生年份',
  `cover` varchar(256) NOT NULL COMMENT '大事配图图片地址',
  `content` varchar(1024) NOT NULL COMMENT '内容',
  `created` datetime NOT NULL COMMENT '创建时间',
  `modified` datetime NOT NULL ON UPDATE CURRENT_TIMESTAMP COMMENT '修改时间',
  `is_deleted` tinyint unsigned NOT NULL COMMENT '是否删除：[0]否 [1]是',
  `genealogy_id` bigint unsigned NOT NULL COMMENT '家族 ID',
  `publisher_user_id` bigint unsigned NOT NULL COMMENT '发布者用户 ID',
  PRIMARY KEY (`id`) USING BTREE
) ENGINE=InnoDB AUTO_INCREMENT=1663371297674932226 DEFAULT CHARSET=utf8mb3 ROW_FORMAT=DYNAMIC;
/*!40101 SET character_set_client = @saved_cs_client */;

--
-- Dumping data for table `genealogy_memorabilia`
--

LOCK TABLES `genealogy_memorabilia` WRITE;
/*!40000 ALTER TABLE `genealogy_memorabilia` DISABLE KEYS */;
INSERT INTO `genealogy_memorabilia` VALUES (1663370158850093058,'贾府的建立','1900-01-01','http://rveziz3xc.hn-bkt.clouddn.com/img/memorabilia/2023/05/30/1592d062-cf3d-4533-bdbd-4d4de4435603.jpeg','贾府是故事中的主要家族，由贾代善创建。他是贾府的第一代家族大师，通过自己的聪明才智和商业头脑，建立了一个富有的家族。他的努力奠定了贾府的基础，为后代提供了丰厚的物质基础。','2023-05-30 10:22:04','2023-05-30 10:22:04',0,1663345120033869825,1663340942339338242),(1663370755468865538,'宝黛之婚','2018-01-01','http://rveziz3xc.hn-bkt.clouddn.com/img/memorabilia/2023/05/30/f9100ae6-96ec-4f54-968c-749f879eb977.png','贾府的继承人贾宝玉与薛宝钗之间的婚姻是家族的一大事件。贾宝玉原本与林黛玉有着深厚的感情，但最终由于各种原因，他与薛宝钗结为夫妻。这场婚姻引发了家族内部的纷争和变动，对家族的命运产生了深远的影响。','2023-05-30 10:24:27','2023-05-30 10:24:27',0,1663345120033869825,1663340942339338242),(1663371297674932225,'修建大观园','2002-01-01','http://rveziz3xc.hn-bkt.clouddn.com/img/memorabilia/2023/05/30/a4cd73fa-8501-4522-ac96-ca6eb5afa27d.jpeg','大观园是一个占地广阔、布局精美的私家园林。它拥有各种各样的建筑、花草树木和水景，如假山、亭台楼阁、曲径通幽的小道、碧水流泉等。园内还设有庭院、花厅和书房等不同的区域。','2023-05-30 10:26:36','2023-05-30 10:26:36',0,1663345120033869825,1663340942339338242);
/*!40000 ALTER TABLE `genealogy_memorabilia` ENABLE KEYS */;
UNLOCK TABLES;

--
-- Table structure for table `genealogy_notice`
--

DROP TABLE IF EXISTS `genealogy_notice`;
/*!40101 SET @saved_cs_client     = @@character_set_client */;
/*!50503 SET character_set_client = utf8mb4 */;
CREATE TABLE `genealogy_notice` (
  `id` bigint unsigned NOT NULL AUTO_INCREMENT COMMENT 'ID',
  `content` varchar(1024) NOT NULL COMMENT '公告内容',
  `created` datetime NOT NULL COMMENT '创建时间',
  `modified` datetime NOT NULL ON UPDATE CURRENT_TIMESTAMP COMMENT '修改时间',
  `is_deleted` tinyint unsigned NOT NULL COMMENT '是否删除：[0]否 [1]是',
  `genealogy_id` bigint unsigned NOT NULL COMMENT '家族 ID',
  `announcer_user_id` bigint unsigned NOT NULL COMMENT '发布者用户 ID',
  PRIMARY KEY (`id`) USING BTREE
) ENGINE=InnoDB AUTO_INCREMENT=1663368732354719746 DEFAULT CHARSET=utf8mb3 ROW_FORMAT=DYNAMIC;
/*!40101 SET character_set_client = @saved_cs_client */;

--
-- Dumping data for table `genealogy_notice`
--

LOCK TABLES `genealogy_notice` WRITE;
/*!40000 ALTER TABLE `genealogy_notice` DISABLE KEYS */;
INSERT INTO `genealogy_notice` VALUES (1663367979410042882,'尊敬的家族成员们，\n\n大家好！我谨代表贾府管理委员会，向各位家族成员发布一份重要公告。\n\n家族继承人：根据贾府的家族规定和家训，贾府的继承人为贾宝玉。他将承担起贾府的责任和家族传承的重任。我们希望大家对贾宝玉给予支持和理解，共同维护家族的荣誉和利益。\n\n贾府财产管理：为了保护家族的财富和遗产，我们将加强贾府财产的管理和监督。家族成员需遵守相关规定，不得私自侵占或浪费家族财产。同时，我们将设立专门的财务部门，负责贾府的财务记录和审计工作。\n\n家族活动和聚会：为了增进家族成员之间的感情和凝聚力，我们将定期举办家族活动和聚会。这些活动将提供一个交流和共享的平台，让大家更好地了解彼此，并保持家族的凝聚力和传统。\n\n家族荣誉与品德：作为贾府的家族成员，我们应该秉承贾府的家训和品德，保持良好的家族声誉。我们将强调家族成员的责任和义务，鼓励大家以身作则，做一个诚实、宽容和勤奋的家族人。\n\n贾府管理委员会\n日期：2022年02月22日','2023-05-30 10:13:25','2023-05-30 10:13:25',0,1663345120033869825,1663340942339338242),(1663368732354719745,'尊敬的家族成员们，\n\n大家好！我谨代表贾府管理委员会，向各位家族成员发布一份重要公告。根据红楼梦的情节和内容，我们特此通知大家一些家族内部事务和变动。\n\n家族传承与教育：作为贾府的家族成员，我们深知红楼梦的重要性和价值。为了更好地传承和弘扬家族文化，我们将加强家族成员的教育和培养。我们鼓励大家阅读红楼梦及其他经典著作，参与相关文化活动，并组织家族内部的讨论和学习交流，以增进对家族文化的理解和认同。\n\n以上就是本次家族公告的内容，请各位家族成员积极参与家族事务，共同努力，传承和弘扬红楼梦中的家族精神。感谢大家的支持和合作！\n\n贾府管理委员会\n日期：2019年12月11日','2023-05-30 10:16:24','2023-05-30 10:16:24',0,1663345120033869825,1663340942339338242);
/*!40000 ALTER TABLE `genealogy_notice` ENABLE KEYS */;
UNLOCK TABLES;

--
-- Table structure for table `genealogy_people`
--

DROP TABLE IF EXISTS `genealogy_people`;
/*!40101 SET @saved_cs_client     = @@character_set_client */;
/*!50503 SET character_set_client = utf8mb4 */;
CREATE TABLE `genealogy_people` (
  `id` bigint unsigned NOT NULL COMMENT 'ID',
  `portrait` varchar(256) CHARACTER SET utf8 COLLATE utf8_general_ci DEFAULT NULL COMMENT '家族人员肖像图片地址',
  `surname` varchar(32) CHARACTER SET utf8 COLLATE utf8_general_ci NOT NULL COMMENT '姓氏',
  `name` varchar(32) CHARACTER SET utf8 COLLATE utf8_general_ci NOT NULL COMMENT '姓名',
  `gender` tinyint unsigned NOT NULL COMMENT '性别：[0]男 [1]女',
  `generation` smallint unsigned NOT NULL COMMENT '世代',
  `generation_name` varchar(32) CHARACTER SET utf8 COLLATE utf8_general_ci NOT NULL COMMENT '字辈',
  `seniority` tinyint unsigned NOT NULL COMMENT '排行',
  `phone` varchar(32) CHARACTER SET utf8 COLLATE utf8_general_ci DEFAULT NULL COMMENT '电话',
  `residence` varchar(256) CHARACTER SET utf8 COLLATE utf8_general_ci DEFAULT NULL COMMENT '常住地',
  `birthdate` date DEFAULT NULL COMMENT '出生日期',
  `lunar_birthdate` tinyint unsigned DEFAULT NULL COMMENT '是否农历出生日期：[0]否 [1]是',
  `birthplace` varchar(256) CHARACTER SET utf8 COLLATE utf8_general_ci DEFAULT NULL COMMENT '出生地',
  `death_date` date DEFAULT NULL COMMENT '逝世日期',
  `lunar_death_date` tinyint unsigned DEFAULT NULL COMMENT '是否农历逝世日期：[0]否 [1]是',
  `burial_place` varchar(256) CHARACTER SET utf8 COLLATE utf8_general_ci DEFAULT NULL COMMENT '埋葬地',
  `family_relation_remark` varchar(256) CHARACTER SET utf8 COLLATE utf8_general_ci DEFAULT NULL COMMENT '特殊家庭关系备注，如养子、养女、继子、继女等',
  `created` datetime NOT NULL COMMENT '创建时间',
  `modified` datetime NOT NULL COMMENT '修改时间',
  `is_deleted` tinyint unsigned NOT NULL COMMENT '是否删除：[0]否 [1]是',
  `father_id` bigint unsigned DEFAULT NULL COMMENT '父亲 ID',
  `mother_id` bigint unsigned DEFAULT NULL COMMENT '母亲 ID',
  `husband_id` bigint unsigned DEFAULT NULL COMMENT '丈夫 ID',
  `genealogy_id` bigint unsigned NOT NULL COMMENT '家族 ID',
  `user_id` bigint unsigned DEFAULT NULL COMMENT '用户 ID'
) ENGINE=InnoDB DEFAULT CHARSET=utf8mb3;
/*!40101 SET character_set_client = @saved_cs_client */;

--
-- Dumping data for table `genealogy_people`
--

LOCK TABLES `genealogy_people` WRITE;
/*!40000 ALTER TABLE `genealogy_people` DISABLE KEYS */;
INSERT INTO `genealogy_people` VALUES (1663345868654219265,'http://rveziz3xc.hn-bkt.clouddn.com/img/portrait/2023/05/30/4fe3d8bb-2066-4009-aa0b-c18ab0e665d6.jpeg','贾','贾宝玉',0,5,'王',1,'13596845862','陕西省/西安市/未央区/怡红院','2000-04-22',0,'陕西省/西安市/未央区/怡红院',NULL,0,NULL,NULL,'2023-05-30 08:45:33','2023-05-30 08:45:33',0,1663347380906274817,1663349332511731713,NULL,1663345120033869825,1663340942339338242),(1663347380906274817,'http://rveziz3xc.hn-bkt.clouddn.com/img/portrait/2023/05/30/41a6c6ab-caa5-4948-a020-abd2590115d7.jpeg','贾','贾政',0,4,'文',1,'13698456987','陕西省/西安市/未央区','1983-09-19',0,'陕西省/西安市/未央区',NULL,0,NULL,NULL,'2023-05-30 08:51:34','2023-05-30 08:51:34',0,1663352970185453569,1663353770899058690,NULL,1663345120033869825,NULL),(1663348753395789826,'http://rveziz3xc.hn-bkt.clouddn.com/img/portrait/2023/05/30/55fb9006-e4aa-4975-9f16-82f0360c064e.jpeg','薛','薛宝钗',1,5,'王',1,'15987542316','陕西省/西安市/未央区/怡红院','1999-03-02',0,'陕西省/西安市/未央区/怡红院',NULL,0,NULL,NULL,'2023-05-30 08:57:01','2023-05-30 08:57:01',0,NULL,NULL,1663345868654219265,1663345120033869825,1663379813617889281),(1663349332511731713,'http://rveziz3xc.hn-bkt.clouddn.com/img/portrait/2023/05/30/3d4ecd3f-9d02-442c-8740-c139f837d58f.jpeg','王','王夫人',1,4,'文',1,'18743654892','陕西省/西安市/未央区','1981-08-28',0,'陕西省/西安市/未央区',NULL,0,NULL,NULL,'2023-05-30 08:59:19','2023-05-30 08:59:19',0,NULL,NULL,1663347380906274817,1663345120033869825,NULL),(1663349602335502338,'http://rveziz3xc.hn-bkt.clouddn.com/img/portrait/2023/05/30/98041fa5-00aa-4108-9ade-6cacab6f295f.jpeg','赵','赵姨娘',1,4,'文',1,'13659426893','陕西省/西安市/未央区','1982-07-22',0,'陕西省/西安市/未央区',NULL,0,NULL,NULL,'2023-05-30 09:00:23','2023-05-30 09:00:23',0,NULL,NULL,1663347380906274817,1663345120033869825,NULL),(1663350691550113793,'http://rveziz3xc.hn-bkt.clouddn.com/img/portrait/2023/05/30/120b8ae6-3fb2-4a4d-8533-eee05c861fb3.jpeg','贾','贾元春',1,5,'王',1,'18954862534','陕西省/西安市/未央区','1998-08-15',0,'陕西省/西安市/未央区',NULL,0,NULL,NULL,'2023-05-30 09:04:43','2023-05-30 09:04:43',0,1663347380906274817,1663349332511731713,NULL,1663345120033869825,1663415340069023746),(1663351317252190210,NULL,'贾','贾珠',0,5,'王',1,'13598462538','陕西省/西安市/未央区','1998-08-15',0,'陕西省/西安市/未央区','2017-03-07',0,'陕西省/西安市/未央区',NULL,'2023-05-30 09:07:12','2023-05-30 09:07:12',0,1663347380906274817,1663349332511731713,NULL,1663345120033869825,NULL),(1663352049091129345,'http://rveziz3xc.hn-bkt.clouddn.com/img/portrait/2023/05/30/2501eca9-b1c2-4416-aee5-a011d751e0dc.jpeg','贾','贾探春',1,5,'王',1,'13658592456','陕西省/西安市/未央区','2001-11-23',0,'陕西省/西安市/未央区',NULL,0,NULL,NULL,'2023-05-30 09:10:07','2023-05-30 09:10:07',0,1663347380906274817,1663349602335502338,NULL,1663345120033869825,1663416082070761474),(1663352432861556738,'http://rveziz3xc.hn-bkt.clouddn.com/img/portrait/2023/05/30/bd82caae-e9c1-4755-a344-e2c63596a937.jpeg','贾','贾环',0,5,'王',1,'18748562314','陕西省/西安市/未央区','2003-08-26',0,'陕西省/西安市/未央区',NULL,0,NULL,NULL,'2023-05-30 09:11:38','2023-05-30 09:11:38',0,1663347380906274817,1663349602335502338,NULL,1663345120033869825,NULL),(1663352970185453569,NULL,'贾','贾代善',0,3,'代',1,'13568425692','陕西省/西安市/未央区','1960-04-26',0,'陕西省/西安市/未央区',NULL,0,'广西壮族自治区/南宁市/兴宁区',NULL,'2023-05-30 09:13:46','2023-05-30 09:13:46',0,1663359230297419778,NULL,NULL,1663345120033869825,NULL),(1663353770899058690,'http://rveziz3xc.hn-bkt.clouddn.com/img/portrait/2023/05/30/dfe51940-77e4-4b3e-9cd7-c524a046bddd.jpeg','史','史太君',1,3,'代',1,'18748652543','陕西省/西安市/未央区','1958-12-09',0,'陕西省/西安市/未央区',NULL,0,'',NULL,'2023-05-30 09:16:57','2023-05-30 09:16:57',0,NULL,NULL,1663352970185453569,1663345120033869825,NULL),(1663354417354551298,NULL,'贾','贾敏',1,4,'文',1,'13645892547','陕西省/西安市/未央区','1983-09-30',0,'陕西省/西安市/未央区','2019-09-30',0,'内蒙古自治区/呼和浩特市/新城区',NULL,'2023-05-30 09:19:31','2023-05-30 09:19:31',0,1663352970185453569,1663353770899058690,NULL,1663345120033869825,NULL),(1663355637762797569,'http://rveziz3xc.hn-bkt.clouddn.com/img/portrait/2023/05/30/1d27887a-1dfc-457e-aebb-767910be23d2.jpeg','贾','贾赦',0,4,'文',1,'18026541523','陕西省/西安市/未央区','1982-02-08',0,'陕西省/西安市/未央区',NULL,0,'',NULL,'2023-05-30 09:24:22','2023-05-30 09:24:22',0,1663352970185453569,1663353770899058690,NULL,1663345120033869825,NULL),(1663355882697568257,NULL,'佚','无名氏',1,4,'文',1,'13658475930','陕西省/西安市/未央区',NULL,0,'陕西省/西安市/未央区',NULL,0,NULL,NULL,'2023-05-30 09:25:21','2023-05-30 09:25:21',0,NULL,NULL,1663355637762797569,1663345120033869825,NULL),(1663356816609685506,'http://rveziz3xc.hn-bkt.clouddn.com/img/portrait/2023/05/30/a9822be6-0f51-4736-8b2b-74bda002d97f.jpeg','贾','贾琏',0,5,'王',1,'15985872653','陕西省/西安市/未央区','1996-05-30',0,'陕西省/西安市/未央区',NULL,0,NULL,NULL,'2023-05-30 09:29:03','2023-05-30 09:29:03',0,1663355637762797569,1663355882697568257,NULL,1663345120033869825,NULL),(1663357188061442049,'http://rveziz3xc.hn-bkt.clouddn.com/img/portrait/2023/05/30/6b79ffd7-fac1-467a-af62-08428d1b41bd.jpeg','贾','贾迎春',1,5,'王',1,'15934512864','陕西省/西安市/未央区','2003-05-30',0,'陕西省/西安市/未央区',NULL,0,NULL,NULL,'2023-05-30 09:30:32','2023-05-30 09:30:32',0,1663355637762797569,1663355882697568257,NULL,1663345120033869825,1663417464697909249),(1663357418882379778,'http://rveziz3xc.hn-bkt.clouddn.com/img/portrait/2023/05/30/9eb4f5b7-9dd6-4baf-a144-c46c74bf4304.jpeg','王','王熙凤',1,5,'王',1,'13568942560','陕西省/西安市/未央区','2001-11-11',0,'陕西省/西安市/未央区',NULL,0,NULL,NULL,'2023-05-30 09:31:27','2023-05-30 09:31:27',0,NULL,NULL,1663356816609685506,1663345120033869825,1663416614751563778),(1663357707907674114,'http://rveziz3xc.hn-bkt.clouddn.com/img/portrait/2023/05/30/2e942f72-becc-46d1-9adf-e145e7fb9607.jpeg','贾','贾巧姐',1,6,'巧',1,'13586492648','陕西省/西安市/未央区','2023-01-31',0,'陕西省/西安市/未央区',NULL,0,NULL,NULL,'2023-05-30 09:32:36','2023-05-30 09:32:36',0,1663356816609685506,1663357418882379778,NULL,1663345120033869825,1663417933994389506),(1663358503118352386,'http://rveziz3xc.hn-bkt.clouddn.com/img/portrait/2023/05/30/b4e5991d-cbd7-4957-9b13-c86632fcd72f.jpeg','尤','尤二姐',1,5,'王',1,'18745892010','陕西省/西安市/未央区','1998-12-06',0,'陕西省/西安市/未央区',NULL,0,NULL,NULL,'2023-05-30 09:35:46','2023-05-30 09:35:46',0,NULL,NULL,1663356816609685506,1663345120033869825,NULL),(1663359230297419778,NULL,'贾','贾源',0,2,'水',1,'13568458126','陕西省/西安市/未央区','1938-01-20',0,'陕西省/西安市/未央区',NULL,0,'广东省/广州市/荔湾区',NULL,'2023-05-30 09:38:39','2023-05-30 09:38:39',0,1663359426506960898,NULL,NULL,1663345120033869825,NULL),(1663359426506960898,NULL,'贾','贾太公',0,1,'太',1,'13598642156','陕西省/西安市/未央区','1916-01-20',0,'陕西省/西安市/未央区','1961-01-20',0,'香港特别行政区/香港岛/中西区',NULL,'2023-05-30 09:39:26','2023-05-30 09:39:26',0,NULL,NULL,NULL,1663345120033869825,NULL),(1663359589770244098,NULL,'佚','无名氏',1,2,'水',1,'13658594712','陕西省/西安市/未央区','1925-01-20',0,'陕西省/西安市/未央区','1972-01-20',0,'新疆维吾尔自治区/乌鲁木齐市/天山区',NULL,'2023-05-30 09:40:05','2023-05-30 09:40:05',0,NULL,NULL,1663359230297419778,1663345120033869825,NULL),(1663359871170293762,NULL,'贾','贾演',0,3,'水',1,'13598456284','陕西省/西安市/未央区','1939-01-20',0,'陕西省/西安市/未央区','1975-01-20',0,'宁夏回族自治区/银川市/兴庆区',NULL,'2023-05-30 09:41:12','2023-05-30 09:41:12',0,1663359230297419778,1663359589770244098,NULL,1663345120033869825,NULL),(1663359982625533954,NULL,'佚','无名氏',1,3,'水',1,'15934512864','陕西省/西安市/未央区',NULL,0,'陕西省/西安市/未央区',NULL,0,NULL,NULL,'2023-05-30 09:41:38','2023-05-30 09:41:38',0,NULL,NULL,1663359871170293762,1663345120033869825,NULL),(1663360406485118977,NULL,'贾','贾敷',0,4,'文',1,'13589452636','陕西省/西安市/未央区','1976-01-20',0,'陕西省/西安市/未央区','2011-01-20',0,'西藏自治区/拉萨市/城关区',NULL,'2023-05-30 09:43:19','2023-05-30 09:43:19',0,1663359871170293762,1663359982625533954,NULL,1663345120033869825,NULL),(1663360700149313537,'http://rveziz3xc.hn-bkt.clouddn.com/img/portrait/2023/05/30/84d2fb84-d5fa-410b-9ca8-648bb7b7666e.jpeg','贾','贾敬',0,4,'文',1,'15987452306','陕西省/西安市/未央区','1973-01-20',0,'陕西省/西安市/未央区',NULL,0,'',NULL,'2023-05-30 09:44:29','2023-05-30 09:44:29',0,1663359871170293762,1663359982625533954,NULL,1663345120033869825,NULL),(1663360748148928513,NULL,'佚','无名氏',1,4,'文',1,'15947520364','陕西省/西安市/未央区',NULL,0,'陕西省/西安市/未央区',NULL,0,NULL,NULL,'2023-05-30 09:44:41','2023-05-30 09:44:41',0,NULL,NULL,1663360700149313537,1663345120033869825,NULL),(1663361001866571777,'http://rveziz3xc.hn-bkt.clouddn.com/img/portrait/2023/05/30/eda01cf0-273b-4f81-872b-c71fa8ebdeb8.jpeg','贾','贾珍',0,5,'王',1,'13564892546','陕西省/西安市/未央区','1999-01-20',0,'陕西省/西安市/未央区',NULL,0,NULL,NULL,'2023-05-30 09:45:41','2023-05-30 09:45:41',0,1663360700149313537,1663360748148928513,NULL,1663345120033869825,NULL),(1663361286206828545,'http://rveziz3xc.hn-bkt.clouddn.com/img/portrait/2023/05/30/6665d3a7-b7f3-4171-9472-da578954a3a6.jpeg','尤','尤氏',1,5,'王',1,'15987452016','陕西省/西安市/未央区','2000-05-20',0,'陕西省/西安市/未央区',NULL,0,NULL,NULL,'2023-05-30 09:46:49','2023-05-30 09:46:49',0,NULL,NULL,1663361001866571777,1663345120033869825,NULL),(1663361679393468418,'http://rveziz3xc.hn-bkt.clouddn.com/img/portrait/2023/05/30/bcf8efc0-4f64-439e-9db2-820b3ef590ec.jpeg','贾','贾惜春',1,5,'王',1,'15987425680','陕西省/西安市/未央区','2002-05-20',0,'陕西省/西安市/未央区',NULL,0,NULL,NULL,'2023-05-30 09:48:23','2023-05-30 09:48:23',0,1663360700149313537,1663360748148928513,NULL,1663345120033869825,1663417074715717634),(1663361985640574978,'http://rveziz3xc.hn-bkt.clouddn.com/img/portrait/2023/05/30/bcf51367-0bf8-42ee-96aa-5c825c099215.jpeg','贾','贾蓉',0,6,'草',1,'15947520364','陕西省/西安市/未央区','2001-02-06',0,'陕西省/西安市/未央区',NULL,0,NULL,NULL,'2023-05-30 09:49:36','2023-05-30 09:49:36',0,1663361001866571777,1663361286206828545,NULL,1663345120033869825,NULL),(1663362499304402946,'http://rveziz3xc.hn-bkt.clouddn.com/img/portrait/2023/05/30/ea9439b5-6dc4-4ecd-aad5-1fd95dc8522b.jpeg','秦','秦可卿',1,6,'草',1,'13598425615','陕西省/西安市/未央区','2000-02-06',0,'陕西省/西安市/未央区','2022-12-06',0,'海南省/海口市/秀英区',NULL,'2023-05-30 09:51:38','2023-05-30 09:51:38',0,NULL,NULL,1663361985640574978,1663345120033869825,1663414672302272513),(1663385974794530817,'http://rveziz3xc.hn-bkt.clouddn.com/img/portrait/2023/05/30/5d38f591-de14-4f18-af6f-9a1f3363e96b.jpeg','林','林黛玉',1,5,'王',1,'15924225894','陕西省/西安市/未央区/怡红院','2005-05-30',0,'陕西省/西安市/未央区/怡红院',NULL,0,NULL,NULL,'2023-05-30 11:24:55','2023-05-30 11:24:55',0,NULL,NULL,NULL,1663345120033869825,1663387580080582658),(1663414039654346753,'http://rveziz3xc.hn-bkt.clouddn.com/img/portrait/2023/05/30/bc83dcd6-72e8-4fe6-b5b0-fed6bfa788ee.jpeg','李','李纨',1,5,'王',1,'15968452016','陕西省/西安市/未央区','2002-01-13',0,'陕西省/西安市/未央区',NULL,0,NULL,NULL,'2023-05-30 13:16:26','2023-05-30 13:16:26',0,NULL,NULL,1663351317252190210,1663345120033869825,1663418387998437378);
/*!40000 ALTER TABLE `genealogy_people` ENABLE KEYS */;
UNLOCK TABLES;

--
-- Table structure for table `genealogy_photo`
--

DROP TABLE IF EXISTS `genealogy_photo`;
/*!40101 SET @saved_cs_client     = @@character_set_client */;
/*!50503 SET character_set_client = utf8mb4 */;
CREATE TABLE `genealogy_photo` (
  `id` bigint unsigned NOT NULL AUTO_INCREMENT COMMENT 'ID',
  `url` varchar(256) NOT NULL COMMENT '家族图片地址',
  `created` datetime NOT NULL COMMENT '创建时间',
  `modified` datetime NOT NULL ON UPDATE CURRENT_TIMESTAMP COMMENT '修改时间',
  `is_deleted` tinyint unsigned NOT NULL COMMENT '是否删除：[0]否 [1]是',
  `genealogy_id` bigint unsigned NOT NULL COMMENT '家族 ID',
  `uploader_user_id` bigint unsigned NOT NULL COMMENT '上传者用户 ID',
  PRIMARY KEY (`id`) USING BTREE
) ENGINE=InnoDB AUTO_INCREMENT=1663421127679979523 DEFAULT CHARSET=utf8mb3 ROW_FORMAT=DYNAMIC;
/*!40101 SET character_set_client = @saved_cs_client */;

--
-- Dumping data for table `genealogy_photo`
--

LOCK TABLES `genealogy_photo` WRITE;
/*!40000 ALTER TABLE `genealogy_photo` DISABLE KEYS */;
INSERT INTO `genealogy_photo` VALUES (1663369471202340865,'http://rveziz3xc.hn-bkt.clouddn.com/img/album/2023/05/30/a39f8450-42de-4698-8fc5-2972ad58a8bd.jpeg','2023-05-30 10:19:21','2023-05-30 10:19:21',0,1663345120033869825,1663340942339338242),(1663369471202340866,'http://rveziz3xc.hn-bkt.clouddn.com/img/album/2023/05/30/5b07250d-4e7b-4636-b1dc-b54114f524ed.jpeg','2023-05-30 10:19:21','2023-05-30 10:19:21',0,1663345120033869825,1663340942339338242),(1663369471202340867,'http://rveziz3xc.hn-bkt.clouddn.com/img/album/2023/05/30/c316c56f-0822-4d48-9e24-aa84e9562339.jpeg','2023-05-30 10:19:21','2023-05-30 10:19:21',0,1663345120033869825,1663340942339338242),(1663369471202340868,'http://rveziz3xc.hn-bkt.clouddn.com/img/album/2023/05/30/f6a1d555-037a-4e5c-8f4b-2ba5c654afab.jpeg','2023-05-30 10:19:21','2023-05-30 10:19:21',0,1663345120033869825,1663340942339338242),(1663380764785291266,'http://rveziz3xc.hn-bkt.clouddn.com/img/album/2023/05/30/d31bfa81-ce33-43d5-b72c-1b4475837d98.jpeg','2023-05-30 11:04:13','2023-05-30 11:04:13',0,1663345120033869825,1663379813617889281),(1663380764785291267,'http://rveziz3xc.hn-bkt.clouddn.com/img/album/2023/05/30/57d70850-8390-49f0-a10e-600c2b5ada58.jpeg','2023-05-30 11:04:13','2023-05-30 11:04:13',0,1663345120033869825,1663379813617889281),(1663421127679979521,'http://rveziz3xc.hn-bkt.clouddn.com/img/album/2023/05/30/1a8d8a99-012f-44f8-a5ed-277f78368009.webp','2023-05-30 13:44:36','2023-05-30 13:44:36',0,1663345120033869825,1663418387998437378),(1663421127679979522,'http://rveziz3xc.hn-bkt.clouddn.com/img/album/2023/05/30/74d9c7c9-d205-4300-b5f1-fcfbca95d678.jpeg','2023-05-30 13:44:36','2023-05-30 13:44:36',0,1663345120033869825,1663418387998437378);
/*!40000 ALTER TABLE `genealogy_photo` ENABLE KEYS */;
UNLOCK TABLES;

--
-- Table structure for table `genealogy_profile`
--

DROP TABLE IF EXISTS `genealogy_profile`;
/*!40101 SET @saved_cs_client     = @@character_set_client */;
/*!50503 SET character_set_client = utf8mb4 */;
CREATE TABLE `genealogy_profile` (
  `id` bigint unsigned NOT NULL AUTO_INCREMENT COMMENT 'ID',
  `total` bigint unsigned NOT NULL COMMENT '总人数',
  `male` bigint unsigned NOT NULL COMMENT '男性人数',
  `female` bigint unsigned NOT NULL COMMENT '女性人数',
  `alive` bigint unsigned NOT NULL COMMENT '健在人数',
  `death` bigint unsigned NOT NULL COMMENT '已逝人数',
  `created` datetime NOT NULL COMMENT '创建时间',
  `modified` datetime NOT NULL ON UPDATE CURRENT_TIMESTAMP COMMENT '修改时间',
  `is_deleted` tinyint unsigned NOT NULL COMMENT '是否删除：[0]否 [1]是',
  `genealogy_id` bigint unsigned NOT NULL COMMENT '家族 ID',
  PRIMARY KEY (`id`) USING BTREE
) ENGINE=InnoDB AUTO_INCREMENT=1663345120084201475 DEFAULT CHARSET=utf8mb3 ROW_FORMAT=DYNAMIC;
/*!40101 SET character_set_client = @saved_cs_client */;

--
-- Dumping data for table `genealogy_profile`
--

LOCK TABLES `genealogy_profile` WRITE;
/*!40000 ALTER TABLE `genealogy_profile` DISABLE KEYS */;
INSERT INTO `genealogy_profile` VALUES (1663345120084201474,34,14,20,25,9,'2023-05-30 08:42:35','2023-05-30 13:16:26',0,1663345120033869825);
/*!40000 ALTER TABLE `genealogy_profile` ENABLE KEYS */;
UNLOCK TABLES;

--
-- Table structure for table `genealogy_revision_log`
--

DROP TABLE IF EXISTS `genealogy_revision_log`;
/*!40101 SET @saved_cs_client     = @@character_set_client */;
/*!50503 SET character_set_client = utf8mb4 */;
CREATE TABLE `genealogy_revision_log` (
  `id` bigint unsigned NOT NULL AUTO_INCREMENT COMMENT 'ID',
  `operation_type` tinyint unsigned NOT NULL COMMENT '操作类型：[1]新增 [2]删除 [3]编辑 [4]查看',
  `operation_date` date NOT NULL COMMENT '操作日期',
  `operated_people_name` varchar(32) NOT NULL COMMENT '被操作者家族人员姓名：允许数据冗余，避免因人员删除后查询不到姓名',
  `created` datetime NOT NULL COMMENT '创建时间',
  `modified` datetime NOT NULL ON UPDATE CURRENT_TIMESTAMP COMMENT '修改时间',
  `is_deleted` tinyint unsigned NOT NULL COMMENT '是否删除：[0]否 [1]是',
  `operator_user_id` bigint unsigned NOT NULL COMMENT '操作者用户 ID',
  `operated_people_id` bigint unsigned NOT NULL COMMENT '被操作者家族人员 ID',
  `genealogy_id` bigint unsigned NOT NULL COMMENT '家族 ID',
  PRIMARY KEY (`id`) USING BTREE
) ENGINE=InnoDB AUTO_INCREMENT=1663414039654346755 DEFAULT CHARSET=utf8mb3 ROW_FORMAT=DYNAMIC;
/*!40101 SET character_set_client = @saved_cs_client */;

--
-- Dumping data for table `genealogy_revision_log`
--

LOCK TABLES `genealogy_revision_log` WRITE;
/*!40000 ALTER TABLE `genealogy_revision_log` DISABLE KEYS */;
INSERT INTO `genealogy_revision_log` VALUES (1663345868717133825,1,'2023-02-15','贾宝玉','2023-05-30 08:45:33','2023-05-30 10:02:25',0,1663340942339338242,1663345868654219265,1663345120033869825),(1663347380969189378,1,'2023-02-22','贾政','2023-05-30 08:51:34','2023-05-30 11:05:44',0,1663379813617889281,1663347380906274817,1663345120033869825),(1663348753425149953,1,'2023-02-24','薛宝钗','2023-05-30 08:57:01','2023-05-30 10:02:45',0,1663340942339338242,1663348753395789826,1663345120033869825),(1663349332511731714,1,'2023-02-28','王夫人','2023-05-30 08:59:19','2023-05-30 10:02:55',0,1663340942339338242,1663349332511731713,1663345120033869825),(1663349602335502339,1,'2023-03-02','赵姨娘','2023-05-30 09:00:23','2023-05-30 11:06:21',0,1663379813617889281,1663348753395789826,1663345120033869825),(1663349871391715329,3,'2023-03-04','贾宝玉','2023-05-30 09:01:28','2023-05-30 11:06:24',0,1663379813617889281,1663348753395789826,1663345120033869825),(1663350691550113794,1,'2023-03-08','贾元春','2023-05-30 09:04:43','2023-05-30 10:03:13',0,1663340942339338242,1663350691550113793,1663345120033869825),(1663351317252190211,1,'2023-03-14','贾珠','2023-05-30 09:07:12','2023-05-30 11:05:47',0,1663379813617889281,1663351317252190210,1663345120033869825),(1663351387523559425,3,'2023-03-15','贾元春','2023-05-30 09:07:29','2023-05-30 10:03:29',0,1663340942339338242,1663350691550113793,1663345120033869825),(1663352049091129346,1,'2023-03-18','贾探春','2023-05-30 09:10:07','2023-05-30 11:05:48',0,1663379813617889281,1663352049091129345,1663345120033869825),(1663352208818614273,3,'2023-03-22','贾探春','2023-05-30 09:10:45','2023-05-30 10:03:40',0,1663340942339338242,1663352049091129345,1663345120033869825),(1663352432861556739,1,'2023-03-26','贾环','2023-05-30 09:11:38','2023-05-30 11:05:49',0,1663379813617889281,1663352432861556738,1663345120033869825),(1663352970185453570,1,'2023-03-31','贾代善','2023-05-30 09:13:46','2023-05-30 10:03:55',0,1663340942339338242,1663352970185453569,1663345120033869825),(1663353770961973249,1,'2023-04-01','史太君','2023-05-30 09:16:57','2023-05-30 11:05:51',0,1663379813617889281,1663353770899058690,1663345120033869825),(1663354417354551299,1,'2023-04-04','贾敏','2023-05-30 09:19:31','2023-05-30 10:04:07',0,1663340942339338242,1663354417354551298,1663345120033869825),(1663355637762797570,1,'2023-04-04','贾赦','2023-05-30 09:24:22','2023-05-30 10:04:12',0,1663340942339338242,1663355637762797569,1663345120033869825),(1663355882697568258,1,'2023-04-09','无名氏','2023-05-30 09:25:21','2023-05-30 11:05:52',0,1663379813617889281,1663355882697568257,1663345120033869825),(1663356816609685507,1,'2023-04-11','贾琏','2023-05-30 09:29:03','2023-05-30 11:05:53',0,1663379813617889281,1663356816609685506,1663345120033869825),(1663357188061442050,1,'2023-04-14','贾迎春','2023-05-30 09:30:32','2023-05-30 11:05:54',0,1663379813617889281,1663357188061442049,1663345120033869825),(1663357418907545602,1,'2023-04-17','王熙凤','2023-05-30 09:31:27','2023-05-30 10:04:31',0,1663340942339338242,1663357418882379778,1663345120033869825),(1663357707907674115,1,'2023-04-19','贾巧姐','2023-05-30 09:32:36','2023-05-30 10:04:39',0,1663340942339338242,1663357707907674114,1663345120033869825),(1663357809304973314,3,'2023-04-23','贾迎春','2023-05-30 09:33:00','2023-05-30 11:06:22',0,1663379813617889281,1663348753395789826,1663345120033869825),(1663358503118352387,1,'2023-04-26','尤二姐','2023-05-30 09:35:46','2023-05-30 10:04:50',0,1663340942339338242,1663358503118352386,1663345120033869825),(1663359230297419779,1,'2023-04-30','贾源','2023-05-30 09:38:39','2023-05-30 10:04:55',0,1663340942339338242,1663359230297419778,1663345120033869825),(1663359426569875457,1,'2023-05-02','贾太公','2023-05-30 09:39:26','2023-05-30 10:04:59',0,1663340942339338242,1663359426506960898,1663345120033869825),(1663359589770244099,1,'2023-05-05','无名氏','2023-05-30 09:40:05','2023-05-30 11:05:56',0,1663379813617889281,1663359589770244098,1663345120033869825),(1663359871170293763,1,'2023-05-10','贾演','2023-05-30 09:41:12','2023-05-30 10:05:10',0,1663340942339338242,1663359871170293762,1663345120033869825),(1663359982625533955,1,'2023-05-11','无名氏','2023-05-30 09:41:38','2023-05-30 10:05:13',0,1663340942339338242,1663359982625533954,1663345120033869825),(1663360406485118978,1,'2023-05-13','贾敷','2023-05-30 09:43:19','2023-05-30 11:05:57',0,1663379813617889281,1663360406485118977,1663345120033869825),(1663360700149313538,1,'2023-05-15','贾敬','2023-05-30 09:44:29','2023-05-30 10:05:22',0,1663340942339338242,1663360700149313537,1663345120033869825),(1663360748148928514,1,'2023-05-15','无名氏','2023-05-30 09:44:41','2023-05-30 11:05:58',0,1663379813617889281,1663360748148928513,1663345120033869825),(1663361001866571778,1,'2023-05-18','贾珍','2023-05-30 09:45:41','2023-05-30 10:05:28',0,1663340942339338242,1663361001866571777,1663345120033869825),(1663361286261354497,1,'2023-05-20','尤氏','2023-05-30 09:46:49','2023-05-30 10:05:32',0,1663340942339338242,1663361286206828545,1663345120033869825),(1663361679393468419,1,'2023-05-23','贾惜春','2023-05-30 09:48:23','2023-05-30 10:05:35',0,1663340942339338242,1663361679393468418,1663345120033869825),(1663361985640574979,1,'2023-05-27','贾蓉','2023-05-30 09:49:36','2023-05-30 11:06:00',0,1663379813617889281,1663361985640574978,1663345120033869825),(1663362499304402947,1,'2023-05-17','秦可卿','2023-05-30 09:51:38','2023-05-30 13:16:51',0,1663379813617889281,1663362499304402946,1663345120033869825),(1663385974849056769,1,'2023-05-08','林黛玉','2023-05-30 11:24:55','2023-05-30 13:16:54',0,1663379813617889281,1663385974794530817,1663345120033869825),(1663414039654346754,1,'2023-05-30','李纨','2023-05-30 13:16:26','2023-05-30 13:16:26',0,1663387580080582658,1663414039654346753,1663345120033869825);
/*!40000 ALTER TABLE `genealogy_revision_log` ENABLE KEYS */;
UNLOCK TABLES;

--
-- Table structure for table `genealogy_visitor_log`
--

DROP TABLE IF EXISTS `genealogy_visitor_log`;
/*!40101 SET @saved_cs_client     = @@character_set_client */;
/*!50503 SET character_set_client = utf8mb4 */;
CREATE TABLE `genealogy_visitor_log` (
  `id` bigint unsigned NOT NULL COMMENT 'ID',
  `visited_date` date NOT NULL COMMENT '访问日期',
  `created` datetime NOT NULL COMMENT '创建时间',
  `modified` datetime NOT NULL COMMENT '修改时间',
  `is_deleted` tinyint unsigned NOT NULL COMMENT '是否删除：[0]否 [1]是',
  `genealogy_id` bigint unsigned NOT NULL COMMENT '被访问的家族 ID',
  `visitor_user_id` bigint unsigned NOT NULL COMMENT '访问者用户 ID'
) ENGINE=InnoDB DEFAULT CHARSET=utf8mb3;
/*!40101 SET character_set_client = @saved_cs_client */;

--
-- Dumping data for table `genealogy_visitor_log`
--

LOCK TABLES `genealogy_visitor_log` WRITE;
/*!40000 ALTER TABLE `genealogy_visitor_log` DISABLE KEYS */;
INSERT INTO `genealogy_visitor_log` VALUES (1663345120407162881,'2023-02-15','2023-05-30 08:42:35','2023-05-30 08:42:35',0,1663345120033869825,1663340942339338242),(1663366113708126210,'2023-02-22','2023-05-30 10:06:00','2023-05-30 10:06:00',0,1663345120033869825,1663340942339338242),(1663380358982184962,'2023-03-03','2023-05-30 11:02:36','2023-05-30 11:02:36',0,1663345120033869825,1663379813617889281),(1663387885660712961,'2023-03-30','2023-05-30 11:32:31','2023-05-30 11:32:31',0,1663345120033869825,1663387580080582658),(1663414914376445953,'2023-04-01','2023-05-30 13:19:55','2023-05-30 13:19:55',0,1663345120033869825,1663414672302272513),(1663415623238987778,'2023-04-04','2023-05-30 13:22:44','2023-05-30 13:22:44',0,1663345120033869825,1663415340069023746),(1663416316813291521,'2023-05-01','2023-05-30 13:25:29','2023-05-30 13:25:29',0,1663345120033869825,1663416082070761474),(1663416847178838017,'2023-05-05','2023-05-30 13:27:36','2023-05-30 13:27:36',0,1663345120033869825,1663416614751563778),(1663417261039202306,'2023-05-05','2023-05-30 13:29:15','2023-05-30 13:29:15',0,1663345120033869825,1663417074715717634),(1663417655001788418,'2023-05-15','2023-05-30 13:30:48','2023-05-30 13:30:48',0,1663345120033869825,1663417464697909249),(1663418178337681409,'2023-05-20','2023-05-30 13:32:53','2023-05-30 13:32:53',0,1663345120033869825,1663417933994389506),(1663418679426985986,'2023-05-25','2023-05-30 13:34:53','2023-05-30 13:34:53',0,1663345120033869825,1663418387998437378),(1663422178269245441,'2023-05-30','2023-05-30 13:48:47','2023-05-30 13:48:47',0,1663345120033869825,1663340942339338242),(1663474021007613954,'2023-05-30','2023-05-30 17:14:47','2023-05-30 17:14:47',0,1663345120033869825,1663417074715717634),(1663474766280908801,'2023-05-30','2023-05-30 17:17:45','2023-05-30 17:17:45',0,1663345120033869825,1663379813617889281);
/*!40000 ALTER TABLE `genealogy_visitor_log` ENABLE KEYS */;
UNLOCK TABLES;

--
-- Table structure for table `user_genealogy_relation`
--

DROP TABLE IF EXISTS `user_genealogy_relation`;
/*!40101 SET @saved_cs_client     = @@character_set_client */;
/*!50503 SET character_set_client = utf8mb4 */;
CREATE TABLE `user_genealogy_relation` (
  `id` bigint unsigned NOT NULL AUTO_INCREMENT COMMENT 'ID',
  `is_default_genealogy` tinyint unsigned NOT NULL COMMENT '是否用户默认家族：[0]否 [1]是',
  `is_genealogy_admin` tinyint unsigned NOT NULL COMMENT '用户是否为家族管理员：[0]否 [1]是',
  `created` datetime NOT NULL COMMENT '创建时间',
  `modified` datetime NOT NULL ON UPDATE CURRENT_TIMESTAMP COMMENT '修改时间',
  `is_deleted` tinyint unsigned NOT NULL COMMENT '是否删除：[0]否 [1]是',
  `genealogy_id` bigint unsigned NOT NULL COMMENT '家族 ID',
  `user_id` bigint unsigned NOT NULL COMMENT '用户 ID',
  PRIMARY KEY (`id`) USING BTREE
) ENGINE=InnoDB AUTO_INCREMENT=1663345120084201484 DEFAULT CHARSET=utf8mb3 ROW_FORMAT=DYNAMIC;
/*!40101 SET character_set_client = @saved_cs_client */;

--
-- Dumping data for table `user_genealogy_relation`
--

LOCK TABLES `user_genealogy_relation` WRITE;
/*!40000 ALTER TABLE `user_genealogy_relation` DISABLE KEYS */;
INSERT INTO `user_genealogy_relation` VALUES (1663345120084201473,1,1,'2023-05-30 08:42:35','2023-05-30 08:42:35',0,1663345120033869825,1663340942339338242),(1663345120084201474,1,1,'2023-05-30 11:02:02','2023-05-30 11:02:04',0,1663345120033869825,1663379813617889281),(1663345120084201475,1,1,'2023-05-30 11:32:15','2023-05-30 11:32:12',0,1663345120033869825,1663387580080582658),(1663345120084201476,1,0,'2023-05-30 13:19:32','2023-05-30 13:19:34',0,1663345120033869825,1663414672302272513),(1663345120084201477,1,0,'2023-05-30 13:22:01','2023-05-30 13:22:05',0,1663345120033869825,1663415340069023746),(1663345120084201478,1,0,'2023-05-30 13:24:59','2023-05-30 13:24:57',0,1663345120033869825,1663416082070761474),(1663345120084201479,1,0,'2023-05-30 13:27:11','2023-05-30 13:27:09',0,1663345120033869825,1663416614751563778),(1663345120084201480,1,0,'2023-05-30 13:28:47','2023-05-30 13:28:49',0,1663345120033869825,1663417074715717634),(1663345120084201481,1,0,'2023-05-30 13:30:20','2023-05-30 13:30:23',0,1663345120033869825,1663417464697909249),(1663345120084201482,1,0,'2023-05-30 13:32:07','2023-05-30 13:32:10',0,1663345120033869825,1663417933994389506),(1663345120084201483,1,0,'2023-05-30 13:34:00','2023-05-30 13:34:02',0,1663345120033869825,1663418387998437378);
/*!40000 ALTER TABLE `user_genealogy_relation` ENABLE KEYS */;
UNLOCK TABLES;
/*!40103 SET TIME_ZONE=@OLD_TIME_ZONE */;

/*!40101 SET SQL_MODE=@OLD_SQL_MODE */;
/*!40014 SET FOREIGN_KEY_CHECKS=@OLD_FOREIGN_KEY_CHECKS */;
/*!40014 SET UNIQUE_CHECKS=@OLD_UNIQUE_CHECKS */;
/*!40101 SET CHARACTER_SET_CLIENT=@OLD_CHARACTER_SET_CLIENT */;
/*!40101 SET CHARACTER_SET_RESULTS=@OLD_CHARACTER_SET_RESULTS */;
/*!40101 SET COLLATION_CONNECTION=@OLD_COLLATION_CONNECTION */;
/*!40111 SET SQL_NOTES=@OLD_SQL_NOTES */;

-- Dump completed on 2023-05-30 22:37:33
